text,label
They want to hit a home run with the presentation.,idiom_slang
They want to hit a home run with the client.,idiom_slang
We need to think outside the box on the documentation.,idiom_slang
They want to hit a home run with the server issue.,idiom_slang
I will circle back regarding the design.,idiom_slang
Let's touch base about the bug fix.,idiom_slang
This is a no-brainer for the server issue.,idiom_slang
We have to bite the bullet on the server issue.,idiom_slang
We need to think outside the box on the marketing plan.,idiom_slang
We need to think outside the box on the client.,idiom_slang
We need to think outside the box on the marketing plan.,idiom_slang
We need to think outside the box on the marketing plan.,idiom_slang
This is a no-brainer for the design.,idiom_slang
I will circle back regarding the marketing plan.,idiom_slang
They want to hit a home run with the quarterly report.,idiom_slang
I will circle back regarding the new feature.,idiom_slang
They want to hit a home run with the bug fix.,idiom_slang
I will circle back regarding the design.,idiom_slang
Let's touch base about the documentation.,idiom_slang
We need to think outside the box on the schedule.,idiom_slang
I will circle back regarding the quarterly report.,idiom_slang
I will circle back regarding the budget.,idiom_slang
This is a no-brainer for the new feature.,idiom_slang
They want to hit a home run with the new feature.,idiom_slang
We have to bite the bullet on the budget.,idiom_slang
We have to bite the bullet on the schedule.,idiom_slang
I will circle back regarding the new feature.,idiom_slang
They want to hit a home run with the server issue.,idiom_slang
We have to bite the bullet on the presentation.,idiom_slang
I will circle back regarding the new feature.,idiom_slang
They want to hit a home run with the presentation.,idiom_slang
This is a no-brainer for the database.,idiom_slang
This is a no-brainer for the code.,idiom_slang
We need to think outside the box on the schedule.,idiom_slang
I will circle back regarding the schedule.,idiom_slang
I will circle back regarding the new feature.,idiom_slang
They want to hit a home run with the new feature.,idiom_slang
I will circle back regarding the bug fix.,idiom_slang
We have to bite the bullet on the server issue.,idiom_slang
We need to think outside the box on the quarterly report.,idiom_slang
We have to bite the bullet on the presentation.,idiom_slang
We have to bite the bullet on the bug fix.,idiom_slang
I will circle back regarding the budget.,idiom_slang
They want to hit a home run with the bug fix.,idiom_slang
Let's touch base about the documentation.,idiom_slang
We have to bite the bullet on the documentation.,idiom_slang
We have to bite the bullet on the client.,idiom_slang
They want to hit a home run with the quarterly report.,idiom_slang
We need to think outside the box on the code.,idiom_slang
This is a no-brainer for the budget.,idiom_slang
Let's touch base about the client.,idiom_slang
They want to hit a home run with the schedule.,idiom_slang
We need to think outside the box on the presentation.,idiom_slang
I will circle back regarding the budget.,idiom_slang
I will circle back regarding the new feature.,idiom_slang
Let's touch base about the client.,idiom_slang
This is a no-brainer for the bug fix.,idiom_slang
We have to bite the bullet on the quarterly report.,idiom_slang
We need to think outside the box on the project.,idiom_slang
We have to bite the bullet on the server issue.,idiom_slang
We have to bite the bullet on the quarterly report.,idiom_slang
This is a no-brainer for the project.,idiom_slang
We have to bite the bullet on the bug fix.,idiom_slang
We have to bite the bullet on the budget.,idiom_slang
They want to hit a home run with the project.,idiom_slang
We need to think outside the box on the budget.,idiom_slang
This is a no-brainer for the new feature.,idiom_slang
They want to hit a home run with the presentation.,idiom_slang
This is a no-brainer for the marketing plan.,idiom_slang
Let's touch base about the budget.,idiom_slang
We will see about the schedule.,vague_indirect
That might be difficult to do for the client.,vague_indirect
That might be difficult to do for the presentation.,vague_indirect
We will see about the database.,vague_indirect
That might be difficult to do for the bug fix.,vague_indirect
I'll get back to you on the new feature sometime soon.,vague_indirect
We will see about the code.,vague_indirect
That might be difficult to do for the client.,vague_indirect
I'll try to do the budget.,vague_indirect
I'll get back to you on the design sometime soon.,vague_indirect
Interesting idea regarding the presentation.,vague_indirect
I'll get back to you on the presentation sometime soon.,vague_indirect
That might be difficult to do for the new feature.,vague_indirect
We will see about the quarterly report.,vague_indirect
We will see about the database.,vague_indirect
That might be difficult to do for the code.,vague_indirect
I'll get back to you on the documentation sometime soon.,vague_indirect
We will see about the code.,vague_indirect
I'll try to do the server issue.,vague_indirect
Maybe we can look at the bug fix later.,vague_indirect
I'll try to do the code.,vague_indirect
I'll get back to you on the database sometime soon.,vague_indirect
We will see about the new feature.,vague_indirect
I'll try to do the new feature.,vague_indirect
That might be difficult to do for the bug fix.,vague_indirect
Maybe we can look at the new feature later.,vague_indirect
Interesting idea regarding the project.,vague_indirect
That might be difficult to do for the budget.,vague_indirect
Maybe we can look at the documentation later.,vague_indirect
I'll try to do the code.,vague_indirect
We will see about the quarterly report.,vague_indirect
Maybe we can look at the budget later.,vague_indirect
That might be difficult to do for the code.,vague_indirect
We will see about the project.,vague_indirect
I'll get back to you on the marketing plan sometime soon.,vague_indirect
Maybe we can look at the bug fix later.,vague_indirect
That might be difficult to do for the documentation.,vague_indirect
That might be difficult to do for the server issue.,vague_indirect
I'll try to do the server issue.,vague_indirect
Interesting idea regarding the schedule.,vague_indirect
I'll get back to you on the quarterly report sometime soon.,vague_indirect
That might be difficult to do for the new feature.,vague_indirect
Interesting idea regarding the design.,vague_indirect
I'll try to do the schedule.,vague_indirect
I'll try to do the bug fix.,vague_indirect
That might be difficult to do for the budget.,vague_indirect
Interesting idea regarding the budget.,vague_indirect
Interesting idea regarding the schedule.,vague_indirect
Interesting idea regarding the server issue.,vague_indirect
Maybe we can look at the new feature later.,vague_indirect
Interesting idea regarding the client.,vague_indirect
Maybe we can look at the project later.,vague_indirect
We will see about the design.,vague_indirect
Maybe we can look at the budget later.,vague_indirect
We will see about the presentation.,vague_indirect
Interesting idea regarding the documentation.,vague_indirect
That might be difficult to do for the presentation.,vague_indirect
That might be difficult to do for the code.,vague_indirect
I'll try to do the new feature.,vague_indirect
We will see about the database.,vague_indirect
Interesting idea regarding the design.,vague_indirect
I'll try to do the new feature.,vague_indirect
I'll try to do the documentation.,vague_indirect
Maybe we can look at the database later.,vague_indirect
We will see about the project.,vague_indirect
Maybe we can look at the server issue later.,vague_indirect
I'll try to do the presentation.,vague_indirect
I'll try to do the project.,vague_indirect
That might be difficult to do for the schedule.,vague_indirect
Maybe we can look at the marketing plan later.,vague_indirect
You should have done the database better.,blunt_direct
Your approach to the client is flawed.,blunt_direct
This the client is unacceptable.,blunt_direct
Your work on the budget is wrong.,blunt_direct
Your work on the server issue is wrong.,blunt_direct
This the code is unacceptable.,blunt_direct
This the new feature is unacceptable.,blunt_direct
Your work on the server issue is wrong.,blunt_direct
This the database is unacceptable.,blunt_direct
You need to fix the presentation now.,blunt_direct
You need to fix the new feature now.,blunt_direct
This the design is unacceptable.,blunt_direct
This the server issue is unacceptable.,blunt_direct
You should have done the database better.,blunt_direct
That won't work for the client.,blunt_direct
Your approach to the code is flawed.,blunt_direct
Your work on the new feature is wrong.,blunt_direct
Your work on the database is wrong.,blunt_direct
You need to fix the bug fix now.,blunt_direct
You need to fix the marketing plan now.,blunt_direct
Your work on the client is wrong.,blunt_direct
This the code is unacceptable.,blunt_direct
That won't work for the project.,blunt_direct
You need to fix the schedule now.,blunt_direct
Your work on the new feature is wrong.,blunt_direct
You should have done the database better.,blunt_direct
Your approach to the bug fix is flawed.,blunt_direct
This the marketing plan is unacceptable.,blunt_direct
Your approach to the database is flawed.,blunt_direct
This the bug fix is unacceptable.,blunt_direct
Your work on the budget is wrong.,blunt_direct
You should have done the presentation better.,blunt_direct
That won't work for the bug fix.,blunt_direct
Your work on the server issue is wrong.,blunt_direct
You should have done the client better.,blunt_direct
This the quarterly report is unacceptable.,blunt_direct
Your work on the quarterly report is wrong.,blunt_direct
You need to fix the documentation now.,blunt_direct
Your approach to the marketing plan is flawed.,blunt_direct
Your approach to the design is flawed.,blunt_direct
Your work on the code is wrong.,blunt_direct
You need to fix the budget now.,blunt_direct
You need to fix the code now.,blunt_direct
You need to fix the budget now.,blunt_direct
That won't work for the database.,blunt_direct
Your approach to the budget is flawed.,blunt_direct
This the schedule is unacceptable.,blunt_direct
Your work on the design is wrong.,blunt_direct
This the bug fix is unacceptable.,blunt_direct
You need to fix the client now.,blunt_direct
You should have done the database better.,blunt_direct
You need to fix the new feature now.,blunt_direct
You should have done the marketing plan better.,blunt_direct
Your approach to the documentation is flawed.,blunt_direct
Your work on the project is wrong.,blunt_direct
This the documentation is unacceptable.,blunt_direct
Your work on the server issue is wrong.,blunt_direct
You need to fix the client now.,blunt_direct
This the design is unacceptable.,blunt_direct
Your work on the project is wrong.,blunt_direct
You need to fix the server issue now.,blunt_direct
Your work on the presentation is wrong.,blunt_direct
This the marketing plan is unacceptable.,blunt_direct
That won't work for the schedule.,blunt_direct
That won't work for the new feature.,blunt_direct
Your work on the server issue is wrong.,blunt_direct
You need to fix the server issue now.,blunt_direct
This the code is unacceptable.,blunt_direct
This the presentation is unacceptable.,blunt_direct
Your approach to the quarterly report is flawed.,blunt_direct
"Good luck with the project, you'll need it.",sarcasm_humor
"Good luck with the marketing plan, you'll need it.",sarcasm_humor
"Oh sure, the client will definitely solve everything.",sarcasm_humor
Thanks a lot for breaking the server issue.,sarcasm_humor
"Good luck with the documentation, you'll need it.",sarcasm_humor
"Great, just great work on the client.",sarcasm_humor
"Yeah right, like the project is going to happen.",sarcasm_humor
"Good luck with the server issue, you'll need it.",sarcasm_humor
"Oh sure, the design will definitely solve everything.",sarcasm_humor
"Oh sure, the code will definitely solve everything.",sarcasm_humor
"Good luck with the database, you'll need it.",sarcasm_humor
Thanks a lot for breaking the documentation.,sarcasm_humor
"Yeah right, like the presentation is going to happen.",sarcasm_humor
"Good luck with the documentation, you'll need it.",sarcasm_humor
Thanks a lot for breaking the documentation.,sarcasm_humor
"Oh sure, the server issue will definitely solve everything.",sarcasm_humor
"Oh sure, the marketing plan will definitely solve everything.",sarcasm_humor
Thanks a lot for breaking the project.,sarcasm_humor
"Oh sure, the documentation will definitely solve everything.",sarcasm_humor
"Good luck with the schedule, you'll need it.",sarcasm_humor
"Great, just great work on the server issue.",sarcasm_humor
"Oh sure, the quarterly report will definitely solve everything.",sarcasm_humor
"Great, just great work on the presentation.",sarcasm_humor
"Oh sure, the code will definitely solve everything.",sarcasm_humor
Thanks a lot for breaking the server issue.,sarcasm_humor
Thanks a lot for breaking the design.,sarcasm_humor
Thanks a lot for breaking the design.,sarcasm_humor
"Great, just great work on the project.",sarcasm_humor
"Good luck with the presentation, you'll need it.",sarcasm_humor
Thanks a lot for breaking the documentation.,sarcasm_humor
"Yeah right, like the documentation is going to happen.",sarcasm_humor
"Great, just great work on the new feature.",sarcasm_humor
"Yeah right, like the presentation is going to happen.",sarcasm_humor
"Good luck with the documentation, you'll need it.",sarcasm_humor
Thanks a lot for breaking the presentation.,sarcasm_humor
Thanks a lot for breaking the documentation.,sarcasm_humor
"Oh sure, the presentation will definitely solve everything.",sarcasm_humor
Thanks a lot for breaking the budget.,sarcasm_humor
"Oh wonderful, another issue with the quarterly report.",sarcasm_humor
Thanks a lot for breaking the database.,sarcasm_humor
Thanks a lot for breaking the design.,sarcasm_humor
"Good luck with the new feature, you'll need it.",sarcasm_humor
"Good luck with the marketing plan, you'll need it.",sarcasm_humor
"Oh wonderful, another issue with the new feature.",sarcasm_humor
"Oh sure, the design will definitely solve everything.",sarcasm_humor
"Yeah right, like the presentation is going to happen.",sarcasm_humor
"Oh sure, the schedule will definitely solve everything.",sarcasm_humor
"Yeah right, like the budget is going to happen.",sarcasm_humor
"Oh sure, the server issue will definitely solve everything.",sarcasm_humor
"Yeah right, like the design is going to happen.",sarcasm_humor
"Oh wonderful, another issue with the server issue.",sarcasm_humor
"Great, just great work on the marketing plan.",sarcasm_humor
Thanks a lot for breaking the presentation.,sarcasm_humor
Thanks a lot for breaking the new feature.,sarcasm_humor
"Oh sure, the design will definitely solve everything.",sarcasm_humor
"Oh wonderful, another issue with the marketing plan.",sarcasm_humor
Thanks a lot for breaking the code.,sarcasm_humor
"Oh wonderful, another issue with the design.",sarcasm_humor
"Good luck with the new feature, you'll need it.",sarcasm_humor
"Oh sure, the server issue will definitely solve everything.",sarcasm_humor
"Yeah right, like the quarterly report is going to happen.",sarcasm_humor
"Good luck with the server issue, you'll need it.",sarcasm_humor
"Good luck with the schedule, you'll need it.",sarcasm_humor
"Good luck with the client, you'll need it.",sarcasm_humor
Thanks a lot for breaking the design.,sarcasm_humor
"Yeah right, like the new feature is going to happen.",sarcasm_humor
"Oh wonderful, another issue with the marketing plan.",sarcasm_humor
"Great, just great work on the bug fix.",sarcasm_humor
"Oh wonderful, another issue with the budget.",sarcasm_humor
Thanks a lot for breaking the new feature.,sarcasm_humor
Finish the client by tomorrow.,time_date_ambiguity
Let's review the presentation next week.,time_date_ambiguity
Finish the project by tomorrow.,time_date_ambiguity
Let's review the design next week.,time_date_ambiguity
We will deliver the bug fix soon.,time_date_ambiguity
Send me the budget ASAP.,time_date_ambiguity
We will deliver the design soon.,time_date_ambiguity
Let's review the presentation next week.,time_date_ambiguity
We need the client shortly.,time_date_ambiguity
Send me the schedule ASAP.,time_date_ambiguity
Send me the presentation ASAP.,time_date_ambiguity
Send me the schedule ASAP.,time_date_ambiguity
Finish the schedule by tomorrow.,time_date_ambiguity
Let's review the client next week.,time_date_ambiguity
Let's review the project next week.,time_date_ambiguity
Send me the bug fix ASAP.,time_date_ambiguity
Send me the marketing plan ASAP.,time_date_ambiguity
We need the schedule shortly.,time_date_ambiguity
Send me the presentation ASAP.,time_date_ambiguity
We need the project shortly.,time_date_ambiguity
Let's aim to have the documentation done by EOD.,time_date_ambiguity
Let's review the presentation next week.,time_date_ambiguity
Let's aim to have the budget done by EOD.,time_date_ambiguity
We will deliver the schedule soon.,time_date_ambiguity
Finish the schedule by tomorrow.,time_date_ambiguity
Finish the new feature by tomorrow.,time_date_ambiguity
We will deliver the server issue soon.,time_date_ambiguity
Let's review the server issue next week.,time_date_ambiguity
We need the budget shortly.,time_date_ambiguity
Let's review the budget next week.,time_date_ambiguity
Send me the new feature ASAP.,time_date_ambiguity
Let's review the design next week.,time_date_ambiguity
Send me the marketing plan ASAP.,time_date_ambiguity
We will deliver the budget soon.,time_date_ambiguity
We need the database shortly.,time_date_ambiguity
Send me the presentation ASAP.,time_date_ambiguity
Let's review the code next week.,time_date_ambiguity
Send me the design ASAP.,time_date_ambiguity
Finish the presentation by tomorrow.,time_date_ambiguity
Finish the code by tomorrow.,time_date_ambiguity
Let's aim to have the bug fix done by EOD.,time_date_ambiguity
Let's review the presentation next week.,time_date_ambiguity
Finish the database by tomorrow.,time_date_ambiguity
Finish the database by tomorrow.,time_date_ambiguity
Finish the quarterly report by tomorrow.,time_date_ambiguity
Send me the server issue ASAP.,time_date_ambiguity
Finish the marketing plan by tomorrow.,time_date_ambiguity
Let's aim to have the bug fix done by EOD.,time_date_ambiguity
Send me the client ASAP.,time_date_ambiguity
Finish the database by tomorrow.,time_date_ambiguity
We will deliver the budget soon.,time_date_ambiguity
Finish the new feature by tomorrow.,time_date_ambiguity
Let's review the budget next week.,time_date_ambiguity
We need the client shortly.,time_date_ambiguity
Let's review the schedule next week.,time_date_ambiguity
Send me the bug fix ASAP.,time_date_ambiguity
Let's aim to have the client done by EOD.,time_date_ambiguity
Let's aim to have the bug fix done by EOD.,time_date_ambiguity
Let's review the design next week.,time_date_ambiguity
Let's aim to have the server issue done by EOD.,time_date_ambiguity
We will deliver the schedule soon.,time_date_ambiguity
Send me the project ASAP.,time_date_ambiguity
We need the presentation shortly.,time_date_ambiguity
We need the code shortly.,time_date_ambiguity
Finish the budget by tomorrow.,time_date_ambiguity
Finish the budget by tomorrow.,time_date_ambiguity
Send me the client ASAP.,time_date_ambiguity
Let's aim to have the bug fix done by EOD.,time_date_ambiguity
We need the new feature shortly.,time_date_ambiguity
Send me the marketing plan ASAP.,time_date_ambiguity
Thank you for the update on the bug fix.,safe
Could you provide details regarding the documentation?,safe
The code for the database has been deployed.,safe
Thank you for the update on the new feature.,safe
Could you provide details regarding the presentation?,safe
Please send the report on the server issue by 3 PM EST on March 15.,safe
Please send the report on the database by 3 PM EST on March 15.,safe
Please send the report on the schedule by 3 PM EST on March 15.,safe
Thank you for the update on the project.,safe
Let's schedule a meeting to discuss the database on Tuesday.,safe
Please send the report on the documentation by 3 PM EST on March 15.,safe
Thank you for the update on the documentation.,safe
I have reviewed the schedule and left comments.,safe
Thank you for the update on the documentation.,safe
Let's schedule a meeting to discuss the design on Tuesday.,safe
Could you provide details regarding the code?,safe
Let's schedule a meeting to discuss the server issue on Tuesday.,safe
Please send the report on the presentation by 3 PM EST on March 15.,safe
I have reviewed the new feature and left comments.,safe
Please send the report on the server issue by 3 PM EST on March 15.,safe
Thank you for the update on the client.,safe
Could you provide details regarding the documentation?,safe
Could you provide details regarding the database?,safe
Thank you for the update on the presentation.,safe
Please send the report on the database by 3 PM EST on March 15.,safe
Thank you for the update on the marketing plan.,safe
Please send the report on the schedule by 3 PM EST on March 15.,safe
I have reviewed the bug fix and left comments.,safe
Thank you for the update on the design.,safe
The code for the bug fix has been deployed.,safe
Thank you for the update on the schedule.,safe
Let's schedule a meeting to discuss the project on Tuesday.,safe
Let's schedule a meeting to discuss the budget on Tuesday.,safe
Could you provide details regarding the design?,safe
I have reviewed the design and left comments.,safe
Please send the report on the bug fix by 3 PM EST on March 15.,safe
Could you provide details regarding the quarterly report?,safe
Please send the report on the documentation by 3 PM EST on March 15.,safe
I have reviewed the new feature and left comments.,safe
Please send the report on the marketing plan by 3 PM EST on March 15.,safe
Could you provide details regarding the budget?,safe
Thank you for the update on the quarterly report.,safe
Let's schedule a meeting to discuss the marketing plan on Tuesday.,safe
Let's schedule a meeting to discuss the design on Tuesday.,safe
The code for the database has been deployed.,safe
Thank you for the update on the server issue.,safe
Thank you for the update on the database.,safe
Thank you for the update on the server issue.,safe
The code for the bug fix has been deployed.,safe
I have reviewed the marketing plan and left comments.,safe
The code for the design has been deployed.,safe
Could you provide details regarding the client?,safe
I have reviewed the marketing plan and left comments.,safe
Please send the report on the bug fix by 3 PM EST on March 15.,safe
Thank you for the update on the design.,safe
Thank you for the update on the bug fix.,safe
I have reviewed the bug fix and left comments.,safe
Please send the report on the code by 3 PM EST on March 15.,safe
Please send the report on the presentation by 3 PM EST on March 15.,safe
Let's schedule a meeting to discuss the bug fix on Tuesday.,safe
The code for the database has been deployed.,safe
I have reviewed the bug fix and left comments.,safe
I have reviewed the quarterly report and left comments.,safe
Could you provide details regarding the design?,safe
Let's schedule a meeting to discuss the new feature on Tuesday.,safe
The code for the design has been deployed.,safe
Let's schedule a meeting to discuss the marketing plan on Tuesday.,safe
The code for the client has been deployed.,safe
I have reviewed the quarterly report and left comments.,safe
I have reviewed the bug fix and left comments.,safe
